{
  "n_pairs": 500,
  "layer": 14,
  "certain_mean": 2248.19140625,
  "uncertain_mean": 1776.392822265625,
  "t_stat": 49.14610290527344,
  "p_value": 0.0,
  "cohens_d": 2.2000815868377686,
  "permutation_p": 0.0,
  "cv_t": 34.96979522705078,
  "cv_p": 0.0,
  "cv_d": 2.2161202430725098,
  "w_v_energy": 0.10418988019227982,
  "w_k_energy": 0.2863091230392456
}